Wavelength (nm),Concentrations (%)
0.263,0.1111111111111111
0.481,0.2222222222222222
0.733,0.3333333333333333
0.849,0.4444444444444444
1.089,0.5555555555555556
0.331,0.14161964418215395
